radius,mass,log_radius,log_mass
1.0000,5.0000,0.0000,0.6990
1.0270,5.2159,0.0116,0.7173
1.0547,5.4375,0.0231,0.7354
1.0832,5.6652,0.0347,0.7532
1.1124,5.8990,0.0463,0.7708
1.1424,6.1391,0.0578,0.7881
1.1732,6.3857,0.0694,0.8052
1.2049,6.6390,0.0809,0.8221
1.2374,6.8991,0.0925,0.8388
1.2708,7.1662,0.1041,0.8553
1.3051,7.4405,0.1156,0.8716
1.3403,7.7222,0.1272,0.8877
1.3764,8.0115,0.1388,0.9037
1.4136,8.3086,0.1503,0.9195
1.4517,8.6137,0.1619,0.9352
1.4909,8.9271,0.1734,0.9507
1.5311,9.2489,0.1850,0.9661
1.5724,9.5794,0.1966,0.9813
1.6149,9.9188,0.2081,0.9965
1.6584,10.2674,0.2197,1.0115
1.7032,10.6254,0.2313,1.0263
1.7491,10.9930,0.2428,1.0411
1.7963,11.3706,0.2544,1.0558
1.8448,11.7584,0.2659,1.0703
1.8946,12.1566,0.2775,1.0848
1.9457,12.5655,0.2891,1.0992
1.9982,12.9855,0.3006,1.1135
2.0521,13.3126,0.3122,1.1243
2.1075,13.6449,0.3238,1.1350
2.1643,13.9861,0.3353,1.1457
2.2227,14.3364,0.3469,1.1564
2.2827,14.6963,0.3585,1.1672
2.3443,15.0659,0.3700,1.1780
2.4076,15.4454,0.3816,1.1888
2.4725,15.8352,0.3931,1.1996
2.5392,16.2354,0.4047,1.2105
2.6078,16.6465,0.4163,1.2213
2.6781,17.0687,0.4278,1.2322
2.7504,17.5023,0.4394,1.2431
2.8246,17.9475,0.4510,1.2540
2.9008,18.4048,0.4625,1.2649
2.9791,18.8745,0.4741,1.2759
3.0595,19.5351,0.4856,1.2908
3.1420,20.2781,0.4972,1.3070
3.2268,21.0411,0.5088,1.3231
3.3139,21.8247,0.5203,1.3389
3.4033,22.6294,0.5319,1.3547
3.4951,23.4559,0.5435,1.3703
3.5894,24.3046,0.5550,1.3857
3.6863,25.1763,0.5666,1.4010
3.7857,26.0715,0.5781,1.4162
3.8879,26.9908,0.5897,1.4312
3.9928,27.9349,0.6013,1.4461
4.1005,29.6080,0.6128,1.4714
4.2111,31.3783,0.6244,1.4966
4.3248,33.1963,0.6360,1.5211
4.4415,35.0634,0.6475,1.5449
4.5613,36.9809,0.6591,1.5680
4.6844,38.9501,0.6707,1.5905
4.8108,40.9724,0.6822,1.6125
4.9406,43.0493,0.6938,1.6340
5.0739,44.8867,0.7053,1.6521
5.2108,46.5295,0.7169,1.6677
5.3514,48.2167,0.7285,1.6832
5.4958,49.9494,0.7400,1.6985
5.6441,51.7289,0.7516,1.7137
5.7964,53.5564,0.7632,1.7288
5.9528,55.4332,0.7747,1.7438
6.1134,57.5874,0.7863,1.7603
6.2783,59.8967,0.7978,1.7774
6.4477,62.2684,0.8094,1.7943
6.6217,64.7040,0.8210,1.8109
6.8004,67.2054,0.8325,1.8274
6.9839,69.7742,0.8441,1.8437
7.1723,73.1017,0.8557,1.8639
7.3658,76.5851,0.8672,1.8841
7.5646,80.1626,0.8788,1.9040
7.7687,83.8366,0.8903,1.9234
7.9783,87.6097,0.9019,1.9426
8.1936,93.4205,0.9135,1.9704
8.4147,99.6108,0.9250,1.9983
8.6417,105.9681,0.9366,2.0252
8.8749,112.4970,0.9482,2.0511
9.1144,118.6302,0.9597,2.0742
9.3603,124.2865,0.9713,2.0944
9.6128,130.0955,0.9829,2.1143
9.8722,136.0611,0.9944,2.1337
10.1386,141.9106,1.0060,2.1520
10.4122,147.6554,1.0175,2.1692
10.6931,153.5552,1.0291,2.1863
10.9816,159.6142,1.0407,2.2031
11.2779,166.1147,1.0522,2.2204
11.5822,172.8094,1.0638,2.2376
11.8948,179.6847,1.0754,2.2545
12.2157,188.2556,1.0869,2.2747
12.5453,197.8142,1.0985,2.2963
12.8838,207.6308,1.1100,2.3173
13.2315,216.7864,1.1216,2.3360
13.5885,225.7117,1.1332,2.3536
13.9551,234.8780,1.1447,2.3708
14.3317,246.2814,1.1563,2.3914
14.7184,258.2692,1.1679,2.4121
15.1155,270.0029,1.1794,2.4314
15.5233,280.6070,1.1910,2.4481
15.9422,291.4973,1.2025,2.4646
16.3724,303.0537,1.2141,2.4815
16.8141,314.9814,1.2257,2.4983
17.2678,329.3733,1.2372,2.5177
17.7337,345.6807,1.2488,2.5387
18.2122,362.2159,1.2604,2.5590
18.7036,378.9238,1.2719,2.5786
19.2083,394.6243,1.2835,2.5962
19.7266,408.6180,1.2951,2.6113
20.2589,422.7304,1.3066,2.6261
20.8055,436.9428,1.3182,2.6404
21.3669,451.1718,1.3297,2.6543
21.9434,465.5850,1.3413,2.6680
22.5355,484.6710,1.3529,2.6854
23.1435,503.7321,1.3644,2.7022
23.7680,519.9682,1.3760,2.7160
24.4093,538.6891,1.3876,2.7313
25.0679,559.5140,1.3991,2.7478
25.7443,584.5405,1.4107,2.7668
26.4390,611.9981,1.4222,2.7868
27.1524,642.0087,1.4338,2.8075
27.8850,675.7099,1.4454,2.8298
28.6374,710.9577,1.4569,2.8518
29.4101,751.7859,1.4685,2.8761
30.2037,798.2193,1.4801,2.9021
31.0186,846.8565,1.4916,2.9278
31.8556,885.3564,1.5032,2.9471
32.7151,923.4649,1.5147,2.9654
33.5978,958.7179,1.5263,2.9817
34.5044,993.6711,1.5379,2.9972
35.4354,1027.8034,1.5494,3.0119
36.3915,1061.0949,1.5610,3.0258
37.3735,1096.4443,1.5726,3.0400
38.3819,1137.3300,1.5841,3.0559
39.4175,1182.4477,1.5957,3.0728
40.4811,1221.8000,1.6073,3.0870
41.5734,1275.4013,1.6188,3.1056
42.6951,1332.9746,1.6304,3.1248
43.8471,1391.0499,1.6419,3.1433
45.0302,1447.6313,1.6535,3.1607
46.2452,1511.7710,1.6651,3.1795
47.4930,1576.5959,1.6766,3.1977
48.7745,1647.0487,1.6882,3.2167
50.0906,1717.8859,1.6998,3.2350
51.4421,1803.0846,1.7113,3.2560
52.8301,1876.6768,1.7229,3.2734
54.2556,1936.0366,1.7344,3.2869
55.7196,1999.1846,1.7460,3.3009
57.2230,2062.5892,1.7576,3.3144
58.7670,2124.3795,1.7691,3.3272
60.3527,2199.5180,1.7807,3.3423
61.9811,2282.9437,1.7923,3.3585
63.6535,2365.4090,1.8038,3.3739
65.3711,2441.6973,1.8154,3.3877
67.1349,2522.0155,1.8269,3.4017
68.9464,2618.1040,1.8385,3.4180
70.8067,2698.1083,1.8501,3.4311
72.7172,2780.8409,1.8616,3.4442
74.6793,2857.8517,1.8732,3.4560
76.6943,2929.6072,1.8848,3.4668
78.7637,2998.4391,1.8963,3.4769
80.8889,3072.5574,1.9079,3.4875
83.0715,3135.0038,1.9195,3.4962
85.3130,3200.8856,1.9310,3.5053
87.6149,3239.3791,1.9426,3.5105
89.9790,3270.6847,1.9541,3.5146
92.4068,3308.9500,1.9657,3.5197
94.9002,3347.8020,1.9773,3.5248
97.4608,3382.9903,1.9888,3.5293
100.0905,3415.3577,2.0004,3.5334
102.7912,3444.7471,2.0120,3.5372
105.5647,3466.5178,2.0235,3.5399
108.4131,3486.8918,2.0351,3.5424
111.3383,3500.3383,2.0466,3.5441
114.3425,3501.0000,2.0582,3.5442
117.4277,3501.0000,2.0698,3.5442
120.5962,3501.0000,2.0813,3.5442
123.8502,3501.0000,2.0929,3.5442
127.1919,3501.0000,2.1045,3.5442
130.6239,3501.0000,2.1160,3.5442
134.1484,3501.0000,2.1276,3.5442
137.7680,3501.0000,2.1391,3.5442
141.4853,3501.0000,2.1507,3.5442
145.3029,3501.0000,2.1623,3.5442
149.2236,3501.0000,2.1738,3.5442
153.2500,3501.0000,2.1854,3.5442
157.3850,3501.0000,2.1970,3.5442
161.6316,3501.0000,2.2085,3.5442
165.9928,3501.0000,2.2201,3.5442
170.4717,3501.0000,2.2317,3.5442
175.0714,3501.0000,2.2432,3.5442
179.7952,3501.0000,2.2548,3.5442
184.6465,3501.0000,2.2663,3.5442
189.6287,3501.0000,2.2779,3.5442
194.7453,3501.0000,2.2895,3.5442
200.0000,3501.0000,2.3010,3.5442
